,2008년12월_총인구수,2009년12월_총인구수,2010년12월_총인구수,2011년12월_총인구수,2012년12월_총인구수,2013년12월_총인구수,2014년12월_총인구수,2015년12월_총인구수,2016년12월_총인구수,2017년12월_총인구수,행정구역
1,1067.0,1095.0,1257.0,1301.0,1357.0,1339.0,1278.0,1248.0,1931.0,2022.0,서울특별시 중구 소공동(1114052000)
2,4496.0,4429.0,5537.0,5676.0,5892.0,5892.0,5795.0,5594.0,5481.0,5331.0,서울특별시 중구 회현동(1114054000)
3,2801.0,2892.0,3445.0,3411.0,3392.0,3279.0,3088.0,3010.0,3007.0,2942.0,서울특별시 중구 명동(1114055000)
4,4636.0,4551.0,4675.0,4616.0,4573.0,4484.0,4418.0,4300.0,4210.0,4078.0,서울특별시 중구 필동(1114057000)
5,5793.0,5742.0,5675.0,5596.0,5583.0,5551.0,5314.0,5175.0,4970.0,4782.0,서울특별시 중구 장충동(1114058000)
6,5019.0,5165.0,5758.0,5698.0,5603.0,5364.0,5167.0,4980.0,5105.0,5001.0,서울특별시 중구 광희동(1114059000)
7,1824.0,1906.0,2009.0,2027.0,1978.0,1901.0,1794.0,1731.0,1694.0,1623.0,서울특별시 중구 을지로동(1114060500)
8,8372.0,8408.0,8403.0,8187.0,7857.0,,,,,,서울특별시 중구 신당제1동(1114061000)
9,0.0,,,,,7640.0,7353.0,7549.0,7861.0,7878.0,서울특별시 중구 신당동(1114061500)
10,16992.0,16964.0,16823.0,16647.0,16403.0,,,,,,서울특별시 중구 신당제2동(1114062000)
11,0.0,,,,,16163.0,15814.0,15492.0,15342.0,14923.0,서울특별시 중구 다산동(1114062500)
12,20043.0,19655.0,19676.0,19523.0,19421.0,,,,,,서울특별시 중구 신당제3동(1114063000)
13,0.0,,,,,19030.0,18893.0,18720.0,18487.0,18181.0,서울특별시 중구 약수동(1114063500)
14,16426.0,16418.0,16211.0,15991.0,15853.0,,,,,,서울특별시 중구 신당제4동(1114064000)
15,0.0,,,,,15598.0,15394.0,15367.0,15011.0,14807.0,서울특별시 중구 청구동(1114064500)
16,8456.0,8132.0,8221.0,9404.0,10435.0,10397.0,10433.0,10096.0,9797.0,9495.0,서울특별시 중구 신당제5동(1114065000)
17,10151.0,9666.0,9686.0,10144.0,11913.0,,,,,,서울특별시 중구 신당제6동(1114066000)
18,0.0,,,,,11913.0,11734.0,11510.0,11477.0,11197.0,서울특별시 중구 동화동(1114066500)
19,11454.0,11864.0,12705.0,12523.0,12323.0,12259.0,12316.0,12305.0,12269.0,12170.0,서울특별시 중구 황학동(1114067000)
20,12832.0,12578.0,12741.0,12449.0,10777.0,9655.0,9274.0,8656.0,8607.0,11279.0,서울특별시 중구 중림동(1114068000)
1,29355.0,29265.0,28991.0,28574.0,28384.0,28426.0,27994.0,27692.0,27559.0,27180.0,서울특별시 도봉구 창제1동(1132051100)
2,31731.0,31474.0,31517.0,31609.0,31497.0,31175.0,30988.0,30919.0,31259.0,31519.0,서울특별시 도봉구 창제2동(1132051200)
3,16741.0,16621.0,16573.0,16089.0,16010.0,15872.0,15776.0,15718.0,15480.0,15256.0,서울특별시 도봉구 창제3동(1132051300)
4,31573.0,31400.0,31317.0,31217.0,30843.0,30600.0,30102.0,29774.0,29296.0,28821.0,서울특별시 도봉구 창제4동(1132051400)
5,28811.0,28540.0,28351.0,27978.0,27758.0,27614.0,27244.0,26997.0,26767.0,26360.0,서울특별시 도봉구 창제5동(1132051500)
6,25742.0,25142.0,25077.0,24880.0,24441.0,23935.0,23567.0,23361.0,23484.0,23228.0,서울특별시 도봉구 도봉제1동(1132052100)
7,32837.0,32209.0,31763.0,31621.0,31290.0,30693.0,30021.0,29680.0,29128.0,29194.0,서울특별시 도봉구 도봉제2동(1132052200)
8,23323.0,22452.0,22496.0,22411.0,22061.0,22502.0,22409.0,22385.0,22308.0,22112.0,서울특별시 도봉구 쌍문제1동(1132066000)
9,21688.0,21466.0,21692.0,21850.0,21614.0,21217.0,21079.0,21147.0,20969.0,20439.0,서울특별시 도봉구 쌍문제2동(1132067000)
10,18991.0,18872.0,18714.0,18711.0,18634.0,18221.0,18029.0,17873.0,17610.0,17330.0,서울특별시 도봉구 쌍문제3동(1132068000)
11,22197.0,22170.0,21996.0,21893.0,21748.0,21342.0,21224.0,21045.0,20703.0,20428.0,서울특별시 도봉구 쌍문제4동(1132068100)
12,32992.0,32742.0,32500.0,32122.0,32165.0,31879.0,31359.0,31373.0,31099.0,30469.0,서울특별시 도봉구 방학제1동(1132069000)
13,24931.0,24643.0,24653.0,24161.0,23779.0,23435.0,22755.0,22439.0,22180.0,22113.0,서울특별시 도봉구 방학제2동(1132070000)
14,33024.0,32737.0,32658.0,32457.0,32046.0,31671.0,31162.0,30839.0,30378.0,29717.0,서울특별시 도봉구 방학제3동(1132071000)
1,26075.0,25936.0,26097.0,25513.0,25193.0,24702.0,24050.0,23653.0,23204.0,22766.0,서울특별시 영등포구 영등포본동(1156051500)
2,18241.0,18266.0,18870.0,19054.0,19518.0,19093.0,19782.0,19730.0,20283.0,23396.0,서울특별시 영등포구 영등포동(1156053500)
3,33247.0,33754.0,34323.0,34072.0,33821.0,33766.0,33503.0,33649.0,33619.0,33316.0,서울특별시 영등포구 여의동(1156054000)
4,20331.0,20304.0,21507.0,21221.0,20716.0,20560.0,20610.0,20822.0,20702.0,20752.0,서울특별시 영등포구 당산제1동(1156055000)
5,32841.0,32786.0,33677.0,34112.0,34021.0,34997.0,34978.0,35544.0,36077.0,35255.0,서울특별시 영등포구 당산제2동(1156056000)
6,21473.0,21248.0,19241.0,18786.0,18666.0,18370.0,20073.0,20077.0,19783.0,19272.0,서울특별시 영등포구 도림동(1156058500)
7,31761.0,31952.0,32339.0,32494.0,32465.0,32460.0,31960.0,31867.0,31545.0,31410.0,서울특별시 영등포구 문래동(1156060500)
8,16869.0,16708.0,16899.0,17243.0,17272.0,17118.0,16726.0,17015.0,17020.0,16887.0,서울특별시 영등포구 양평제1동(1156061000)
9,21585.0,21567.0,21711.0,22130.0,22123.0,21958.0,21810.0,21958.0,22338.0,22525.0,서울특별시 영등포구 양평제2동(1156062000)
10,20940.0,21005.0,21610.0,21133.0,20748.0,20426.0,20071.0,19616.0,19437.0,18392.0,서울특별시 영등포구 신길제1동(1156063000)
11,20155.0,19815.0,19557.0,17523.0,16719.0,16327.0,15746.0,15021.0,16666.0,16351.0,서울특별시 영등포구 신길제3동(1156065000)
12,13898.0,13602.0,13495.0,13038.0,12721.0,12379.0,11958.0,11743.0,10362.0,9620.0,서울특별시 영등포구 신길제4동(1156066000)
13,18157.0,17802.0,17619.0,17120.0,16528.0,15821.0,15190.0,14903.0,12753.0,11022.0,서울특별시 영등포구 신길제5동(1156067000)
14,24792.0,24603.0,24897.0,23841.0,23193.0,22631.0,22148.0,21839.0,19903.0,18628.0,서울특별시 영등포구 신길제6동(1156068000)
15,19663.0,19546.0,19054.0,16100.0,15445.0,15100.0,15100.0,14829.0,12856.0,17105.0,서울특별시 영등포구 신길제7동(1156069000)
16,18078.0,17434.0,17272.0,17073.0,16541.0,16377.0,15844.0,15339.0,14449.0,13610.0,서울특별시 영등포구 대림제1동(1156070000)
17,19538.0,19533.0,19081.0,18039.0,17460.0,16558.0,15610.0,14509.0,13741.0,13110.0,서울특별시 영등포구 대림제2동(1156071000)
18,30455.0,29937.0,29584.0,28951.0,28258.0,27828.0,27193.0,26390.0,25875.0,25133.0,서울특별시 영등포구 대림제3동(1156072000)
1,20210.0,19934.0,20355.0,20156.0,19923.0,19561.0,19162.0,19098.0,18752.0,18327.0,서울특별시 용산구 후암동(1117051000)
2,13233.0,13133.0,13355.0,13142.0,12783.0,12477.0,12072.0,11802.0,11371.0,10981.0,서울특별시 용산구 용산2가동(1117052000)
3,7456.0,7474.0,7947.0,7852.0,7801.0,7987.0,8093.0,8115.0,8064.0,7974.0,서울특별시 용산구 남영동(1117053000)
4,23476.0,23798.0,24011.0,23634.0,23031.0,22494.0,22018.0,21493.0,21039.0,20415.0,서울특별시 용산구 청파동(1117055500)
5,10209.0,10188.0,10979.0,12523.0,12569.0,12709.0,13113.0,13784.0,14129.0,14630.0,서울특별시 용산구 원효로제1동(1117056000)
6,16266.0,16063.0,16222.0,15815.0,15737.0,15646.0,15504.0,15542.0,15355.0,15077.0,서울특별시 용산구 원효로제2동(1117057000)
7,10680.0,10666.0,11386.0,11373.0,11297.0,11244.0,11110.0,9652.0,9426.0,9467.0,서울특별시 용산구 효창동(1117058000)
8,12656.0,12846.0,13433.0,13311.0,12982.0,12894.0,12842.0,12867.0,12710.0,12635.0,서울특별시 용산구 용문동(1117059000)
9,14550.0,15536.0,16021.0,15518.0,15436.0,15087.0,15034.0,14877.0,14899.0,16533.0,서울특별시 용산구 한강로동(1117062500)
10,27035.0,27209.0,27385.0,27107.0,26984.0,26919.0,26652.0,27711.0,27880.0,27769.0,서울특별시 용산구 이촌제1동(1117063000)
11,10555.0,10442.0,10609.0,10482.0,10316.0,9986.0,9706.0,9570.0,9290.0,9136.0,서울특별시 용산구 이촌제2동(1117064000)
12,8407.0,8184.0,8739.0,8556.0,8417.0,8175.0,7827.0,7473.0,7326.0,7147.0,서울특별시 용산구 이태원제1동(1117065000)
13,11267.0,11080.0,11441.0,11213.0,11014.0,10891.0,10392.0,9876.0,9596.0,9468.0,서울특별시 용산구 이태원제2동(1117066000)
14,22212.0,22398.0,23030.0,23808.0,23389.0,22739.0,22036.0,21621.0,20771.0,20642.0,서울특별시 용산구 한남동(1117068500)
15,11389.0,11349.0,11479.0,14186.0,14080.0,13834.0,13699.0,13668.0,13827.0,13595.0,서울특별시 용산구 서빙고동(1117069000)
16,18623.0,18408.0,18461.0,17825.0,17473.0,17097.0,16691.0,16193.0,15806.0,15365.0,서울특별시 용산구 보광동(1117070000)
1,34151.0,33790.0,34028.0,34084.0,34417.0,33953.0,33498.0,33472.0,33032.0,32435.0,서울특별시 동작구 노량진제1동(1159051000)
2,17220.0,17041.0,16931.0,16235.0,15728.0,15023.0,14523.0,14184.0,13868.0,13562.0,서울특별시 동작구 노량진제2동(1159052000)
3,39081.0,38923.0,39245.0,39070.0,42491.0,46211.0,47070.0,47157.0,46632.0,46586.0,서울특별시 동작구 상도제1동(1159053000)
4,25676.0,25990.0,26659.0,26100.0,25893.0,25770.0,25539.0,24465.0,27365.0,27138.0,서울특별시 동작구 상도제2동(1159054000)
5,24118.0,24558.0,24893.0,24877.0,24719.0,24879.0,24962.0,25077.0,25604.0,25883.0,서울특별시 동작구 상도제3동(1159055000)
6,29871.0,29792.0,30146.0,29913.0,29757.0,29581.0,29643.0,29734.0,30075.0,29946.0,서울특별시 동작구 상도제4동(1159056000)
7,33679.0,32411.0,32549.0,33574.0,35083.0,37283.0,36667.0,33953.0,32959.0,31125.0,서울특별시 동작구 흑석동(1159060500)
8,23108.0,22912.0,23313.0,23250.0,23395.0,23292.0,23018.0,23084.0,23208.0,23204.0,서울특별시 동작구 사당제1동(1159062000)
9,30532.0,30107.0,30280.0,29711.0,29509.0,31083.0,30583.0,30295.0,29528.0,28358.0,서울특별시 동작구 사당제2동(1159063000)
10,25718.0,25386.0,25313.0,25677.0,26139.0,26240.0,25867.0,24513.0,24320.0,24653.0,서울특별시 동작구 사당제3동(1159064000)
11,14721.0,15315.0,15382.0,15213.0,15195.0,14920.0,14869.0,15090.0,14869.0,14768.0,서울특별시 동작구 사당제4동(1159065000)
12,16028.0,15660.0,15806.0,15750.0,15443.0,15194.0,14970.0,13581.0,13248.0,13152.0,서울특별시 동작구 사당제5동(1159065100)
13,39405.0,39235.0,40526.0,40446.0,40415.0,40249.0,39769.0,39880.0,40237.0,40276.0,서울특별시 동작구 대방동(1159066000)
14,26842.0,26678.0,26705.0,26431.0,26146.0,25907.0,25391.0,24934.0,24963.0,24621.0,서울특별시 동작구 신대방제1동(1159067000)
15,20716.0,20122.0,20933.0,21077.0,21161.0,21230.0,21101.0,21222.0,21089.0,20510.0,서울특별시 동작구 신대방제2동(1159068000)
1,27319.0,27185.0,27295.0,26883.0,26468.0,26158.0,25893.0,25678.0,25396.0,25336.0,서울특별시 관악구 보라매동(1162052500)
2,17691.0,17472.0,17296.0,17235.0,16921.0,16619.0,16670.0,17000.0,16856.0,16569.0,서울특별시 관악구 청림동(1162054500)
3,35522.0,35201.0,35301.0,34979.0,34848.0,34497.0,34114.0,34066.0,33786.0,33234.0,서울특별시 관악구 성현동(1162056500)
4,30397.0,30234.0,30095.0,30047.0,29902.0,29534.0,29716.0,29793.0,29943.0,29785.0,서울특별시 관악구 행운동(1162057500)
5,17933.0,17695.0,17857.0,17788.0,17785.0,17754.0,17590.0,17449.0,17354.0,17025.0,서울특별시 관악구 낙성대동(1162058500)
6,33819.0,33387.0,33924.0,33421.0,33076.0,32920.0,32478.0,29045.0,27979.0,28046.0,서울특별시 관악구 청룡동(1162059500)
7,37247.0,37046.0,37091.0,36448.0,36290.0,36027.0,35855.0,35861.0,35356.0,35305.0,서울특별시 관악구 은천동(1162060500)
8,14676.0,14428.0,14905.0,14865.0,14808.0,14769.0,14634.0,14795.0,14867.0,15068.0,서울특별시 관악구 중앙동(1162061500)
9,29191.0,28957.0,28788.0,28464.0,28439.0,28235.0,27864.0,27730.0,27640.0,27368.0,서울특별시 관악구 인헌동(1162062500)
10,17764.0,17735.0,17757.0,18008.0,18127.0,18123.0,18046.0,18307.0,18773.0,18805.0,서울특별시 관악구 남현동(1162063000)
11,24403.0,24158.0,24200.0,24005.0,23657.0,23525.0,23291.0,23241.0,23069.0,22761.0,서울특별시 관악구 서원동(1162064500)
12,20858.0,20431.0,20412.0,20008.0,19729.0,19215.0,18956.0,18928.0,18908.0,18687.0,서울특별시 관악구 신원동(1162065500)
13,25173.0,24756.0,24719.0,24846.0,24651.0,24457.0,24609.0,24851.0,24821.0,24541.0,서울특별시 관악구 서림동(1162066500)
14,25922.0,25740.0,25867.0,25213.0,25036.0,24697.0,24046.0,23611.0,23297.0,23089.0,서울특별시 관악구 신사동(1162068500)
15,17371.0,17642.0,18415.0,18838.0,19130.0,19177.0,19265.0,19625.0,20321.0,20578.0,서울특별시 관악구 신림동(1162069500)
16,18153.0,18166.0,18221.0,18009.0,17818.0,17578.0,17338.0,17113.0,16865.0,16752.0,서울특별시 관악구 난향동(1162071500)
17,17924.0,18140.0,18445.0,18226.0,18178.0,18267.0,17859.0,17950.0,18047.0,17820.0,서울특별시 관악구 조원동(1162072500)
18,23037.0,23029.0,23121.0,23083.0,23283.0,23205.0,23036.0,22958.0,23362.0,23509.0,서울특별시 관악구 대학동(1162073500)
19,31842.0,31198.0,30781.0,30061.0,29582.0,28940.0,28252.0,27978.0,27266.0,26647.0,서울특별시 관악구 삼성동(1162074500)
20,35502.0,35171.0,35026.0,34544.0,34330.0,33658.0,33268.0,33371.0,32942.0,32831.0,서울특별시 관악구 미성동(1162076500)
21,32812.0,32098.0,31918.0,31426.0,30971.0,30673.0,30406.0,30313.0,30003.0,29541.0,서울특별시 관악구 난곡동(1162077500)
1,20851.0,20790.0,21395.0,21449.0,21527.0,21360.0,21179.0,21129.0,21148.0,21216.0,서울특별시 서초구 서초1동(1165051000)
2,23121.0,23203.0,23491.0,23301.0,23253.0,23324.0,22214.0,21119.0,20915.0,16448.0,서울특별시 서초구 서초2동(1165052000)
3,30165.0,30636.0,31312.0,31114.0,30817.0,30316.0,30310.0,30154.0,29778.0,30132.0,서울특별시 서초구 서초3동(1165053000)
4,28270.0,29702.0,31352.0,30817.0,30598.0,29470.0,28159.0,28772.0,28730.0,30982.0,서울특별시 서초구 서초4동(1165053100)
5,37194.0,37012.0,37310.0,37091.0,35680.0,34480.0,34125.0,33770.0,34809.0,34733.0,서울특별시 서초구 잠원동(1165054000)
6,13570.0,13552.0,13592.0,13487.0,13567.0,13405.0,13406.0,13249.0,12913.0,12787.0,서울특별시 서초구 반포본동(1165055000)
7,19351.0,29587.0,31818.0,33516.0,33966.0,33980.0,33631.0,30466.0,30082.0,28337.0,서울특별시 서초구 반포1동(1165056000)
8,13294.0,20992.0,21990.0,22623.0,21882.0,20048.0,19922.0,19767.0,23353.0,24328.0,서울특별시 서초구 반포2동(1165057000)
9,24498.0,24359.0,24585.0,24517.0,24412.0,24380.0,24100.0,20863.0,19212.0,18671.0,서울특별시 서초구 반포3동(1165058000)
10,20635.0,20559.0,20872.0,20618.0,20370.0,20322.0,20130.0,20193.0,20048.0,19905.0,서울특별시 서초구 반포4동(1165058100)
11,21256.0,21548.0,21949.0,22196.0,22072.0,22107.0,22104.0,21915.0,21763.0,21601.0,서울특별시 서초구 방배본동(1165059000)
12,16430.0,16152.0,17301.0,17089.0,17216.0,17350.0,17328.0,17385.0,17068.0,17176.0,서울특별시 서초구 방배1동(1165060000)
13,28806.0,28390.0,28230.0,27651.0,27589.0,27601.0,28569.0,28122.0,27505.0,27013.0,서울특별시 서초구 방배2동(1165061000)
14,26082.0,26261.0,26529.0,26209.0,25780.0,25446.0,25151.0,24267.0,23931.0,22455.0,서울특별시 서초구 방배3동(1165062000)
15,25792.0,26206.0,26483.0,25905.0,25830.0,25705.0,25825.0,26108.0,26172.0,26047.0,서울특별시 서초구 방배4동(1165062100)
16,26948.0,26712.0,26452.0,26683.0,31589.0,43835.0,47085.0,47463.0,47329.0,46890.0,서울특별시 서초구 양재1동(1165065100)
17,23513.0,23419.0,23696.0,23300.0,23074.0,22636.0,23708.0,23375.0,23524.0,23587.0,서울특별시 서초구 양재2동(1165065200)
18,6544.0,6401.0,6363.0,5998.0,5822.0,5998.0,12732.0,18647.0,18912.0,18794.0,서울특별시 서초구 내곡동(1165066000)
1,20815.0,20783.0,20735.0,20411.0,19996.0,19498.0,18846.0,18303.0,18094.0,17846.0,서울특별시 강남구 신사동(1168051000)
2,26995.0,27023.0,27516.0,26832.0,26051.0,25705.0,25215.0,24765.0,24304.0,23626.0,서울특별시 강남구 논현1동(1168052100)
3,24001.0,23618.0,23965.0,23041.0,22413.0,22260.0,22167.0,22785.0,22358.0,22274.0,서울특별시 강남구 논현2동(1168053100)
4,17173.0,,,,,,,,,,서울특별시 강남구 압구정제1동(1168054000)
5,0.0,28995.0,29655.0,29468.0,29417.0,28983.0,28551.0,28569.0,28202.0,27904.0,서울특별시 강남구 압구정동(1168054500)
6,12058.0,,,,,,,,,,서울특별시 강남구 압구정제2동(1168055000)
7,17946.0,,,,,,,,,,서울특별시 강남구 청담제1동(1168056000)
8,0.0,30827.0,31757.0,31192.0,31477.0,30895.0,31038.0,30828.0,30352.0,30006.0,서울특별시 강남구 청담동(1168056500)
9,12888.0,,,,,,,,,,서울특별시 강남구 청담제2동(1168057000)
10,15498.0,15665.0,15885.0,15809.0,15697.0,15542.0,15471.0,15179.0,14983.0,14864.0,서울특별시 강남구 삼성1동(1168058000)
11,26579.0,31646.0,32653.0,32689.0,32547.0,32117.0,31937.0,31105.0,30748.0,29380.0,서울특별시 강남구 삼성2동(1168059000)
12,25949.0,26102.0,26196.0,20825.0,20349.0,20426.0,19689.0,23179.0,24758.0,25195.0,서울특별시 강남구 대치1동(1168060000)
13,26902.0,45152.0,45061.0,43550.0,42979.0,42268.0,42867.0,42339.0,41864.0,41399.0,서울특별시 강남구 대치2동(1168061000)
14,18091.0,,,,,,,,,,서울특별시 강남구 대치제3동(1168062000)
15,22120.0,22192.0,22217.0,22296.0,22035.0,22058.0,21833.0,21341.0,21013.0,20918.0,서울특별시 강남구 대치4동(1168063000)
16,35566.0,35393.0,35769.0,35258.0,34944.0,35038.0,35232.0,35477.0,35380.0,35616.0,서울특별시 강남구 역삼1동(1168064000)
17,31461.0,31962.0,34825.0,34825.0,35212.0,34766.0,35830.0,35997.0,36746.0,36787.0,서울특별시 강남구 역삼2동(1168065000)
18,21740.0,21626.0,21760.0,22928.0,22744.0,22747.0,22690.0,22543.0,22911.0,22727.0,서울특별시 강남구 도곡1동(1168065500)
19,33846.0,33802.0,34444.0,34403.0,34252.0,35463.0,35488.0,35163.0,34805.0,34756.0,서울특별시 강남구 도곡2동(1168065600)
20,22195.0,22058.0,21992.0,23474.0,23184.0,22734.0,22064.0,21625.0,21101.0,20060.0,서울특별시 강남구 개포1동(1168066000)
21,19389.0,35639.0,35792.0,35186.0,34898.0,34213.0,33377.0,27270.0,21691.0,14648.0,서울특별시 강남구 개포2동(1168067000)
22,16347.0,,,,,,,,,,서울특별시 강남구 개포제3동(1168068000)
23,24270.0,24236.0,24661.0,24197.0,23801.0,23445.0,23011.0,21944.0,18388.0,18375.0,서울특별시 강남구 개포4동(1168069000)
24,5183.0,5348.0,5109.0,10306.0,14314.0,19022.0,35762.0,43108.0,44163.0,44738.0,서울특별시 강남구 세곡동(1168070000)
25,23332.0,23388.0,23476.0,23285.0,23168.0,23012.0,24961.0,25314.0,25072.0,25000.0,서울특별시 강남구 일원본동(1168072000)
26,19571.0,19277.0,19324.0,18969.0,18820.0,18313.0,17713.0,17465.0,17111.0,16944.0,서울특별시 강남구 일원1동(1168073000)
27,20106.0,19920.0,19768.0,19581.0,19179.0,18785.0,18443.0,16566.0,16444.0,16399.0,서울특별시 강남구 일원2동(1168074000)
28,17811.0,17486.0,17535.0,17185.0,16720.0,16309.0,15929.0,15630.0,16627.0,16702.0,서울특별시 강남구 수서동(1168075000)
1,20429.0,19983.0,19818.0,19374.0,19040.0,18547.0,18055.0,17722.0,17031.0,16079.0,서울특별시 송파구 풍납1동(1171051000)
2,29853.0,29423.0,29278.0,28779.0,28683.0,28169.0,27876.0,27063.0,25646.0,25192.0,서울특별시 송파구 풍납2동(1171052000)
3,16253.0,16038.0,16156.0,15902.0,15873.0,15702.0,15329.0,15087.0,14652.0,13356.0,서울특별시 송파구 거여1동(1171053100)
4,30573.0,29796.0,29627.0,28759.0,28315.0,27696.0,27150.0,23951.0,19502.0,17833.0,서울특별시 송파구 거여2동(1171053200)
5,19577.0,19344.0,19398.0,24277.0,24236.0,23526.0,22940.0,23001.0,22674.0,21853.0,서울특별시 송파구 마천1동(1171054000)
6,23764.0,23482.0,23559.0,22812.0,22264.0,22033.0,21553.0,21455.0,20926.0,20670.0,서울특별시 송파구 마천2동(1171055000)
7,17414.0,17337.0,17265.0,17187.0,17199.0,16732.0,16634.0,16465.0,16215.0,16624.0,서울특별시 송파구 방이1동(1171056100)
8,26005.0,25775.0,26110.0,25780.0,25847.0,25636.0,25395.0,25434.0,24969.0,25155.0,서울특별시 송파구 방이2동(1171056200)
9,21264.0,20929.0,20677.0,20588.0,20362.0,20290.0,20089.0,19978.0,19698.0,19547.0,서울특별시 송파구 오륜동(1171056600)
10,39145.0,39394.0,39454.0,38819.0,38537.0,38093.0,37347.0,37104.0,36792.0,37818.0,서울특별시 송파구 오금동(1171057000)
11,27865.0,27323.0,27560.0,27073.0,27318.0,27303.0,26808.0,26608.0,26283.0,25929.0,서울특별시 송파구 송파1동(1171058000)
12,21454.0,20750.0,20682.0,20574.0,22771.0,22666.0,22279.0,22036.0,21756.0,21263.0,서울특별시 송파구 송파2동(1171059000)
13,36092.0,35760.0,35609.0,34999.0,35310.0,35267.0,34915.0,34669.0,34624.0,33844.0,서울특별시 송파구 석촌동(1171060000)
14,35127.0,34979.0,35392.0,34954.0,34870.0,34842.0,34108.0,33889.0,33461.0,33216.0,서울특별시 송파구 삼전동(1171061000)
15,29978.0,29601.0,29812.0,29518.0,29515.0,29231.0,28722.0,28488.0,27979.0,27901.0,서울특별시 송파구 가락본동(1171062000)
16,16136.0,15545.0,15639.0,15420.0,6475.0,1699.0,1207.0,950.0,897.0,889.0,서울특별시 송파구 가락1동(1171063100)
17,36400.0,36513.0,36628.0,36214.0,36085.0,35717.0,35265.0,35217.0,34852.0,34464.0,서울특별시 송파구 가락2동(1171063200)
18,22919.0,22761.0,22822.0,22584.0,22533.0,22454.0,22177.0,21829.0,21460.0,21421.0,서울특별시 송파구 문정1동(1171064100)
19,16751.0,16464.0,16282.0,16081.0,15900.0,18015.0,18064.0,18738.0,23954.0,27428.0,서울특별시 송파구 문정2동(1171064200)
20,33952.0,36734.0,37472.0,37499.0,37504.0,40372.0,45985.0,35738.0,35580.0,35023.0,서울특별시 송파구 장지동(1171064600)
21,0.0,,,,,,,12030.0,17330.0,28211.0,서울특별시 송파구 위례동(1171064700)
22,31393.0,30995.0,31178.0,30424.0,30561.0,30432.0,30194.0,30105.0,29456.0,29268.0,서울특별시 송파구 잠실본동(1171065000)
23,25513.0,35737.0,36841.0,37071.0,36970.0,37104.0,36679.0,36924.0,36729.0,36863.0,서울특별시 송파구 잠실2동(1171067000)
24,37358.0,37391.0,37905.0,37548.0,37376.0,37140.0,36999.0,36891.0,36841.0,36556.0,서울특별시 송파구 잠실3동(1171068000)
25,25935.0,31072.0,31457.0,31596.0,31406.0,31179.0,30741.0,30803.0,30421.0,30328.0,서울특별시 송파구 잠실4동(1171069000)
26,17114.0,17624.0,17743.0,17552.0,17388.0,17942.0,17774.0,17705.0,17596.0,17331.0,서울특별시 송파구 잠실6동(1171071000)
27,10698.0,10726.0,10915.0,10825.0,10777.0,10628.0,10453.0,10422.0,10507.0,10434.0,서울특별시 송파구 잠실7동(1171072000)
1,520.0,19535.0,21527.0,33950.0,34497.0,34346.0,34040.0,33886.0,34201.0,33549.0,서울특별시 강동구 강일동(1174051500)
2,29664.0,28685.0,28769.0,27939.0,27759.0,27302.0,26743.0,24364.0,12668.0,9814.0,서울특별시 강동구 상일동(1174052000)
3,29341.0,28836.0,28974.0,28732.0,28520.0,28310.0,27981.0,23356.0,22966.0,22542.0,서울특별시 강동구 명일제1동(1174053000)
4,19323.0,19235.0,19126.0,18929.0,19040.0,18883.0,18761.0,18647.0,18473.0,18183.0,서울특별시 강동구 명일제2동(1174054000)
5,21217.0,22616.0,23809.0,23134.0,17453.0,17061.0,16726.0,16446.0,16221.0,27504.0,서울특별시 강동구 고덕제1동(1174055000)
6,20067.0,18805.0,18786.0,18287.0,18068.0,17690.0,16898.0,9141.0,8601.0,8093.0,서울특별시 강동구 고덕제2동(1174056000)
7,39904.0,39443.0,39691.0,38977.0,38916.0,38554.0,37864.0,37328.0,37600.0,38103.0,서울특별시 강동구 암사제1동(1174057000)
8,16262.0,16418.0,16486.0,16338.0,16483.0,16407.0,16252.0,16092.0,15438.0,14932.0,서울특별시 강동구 암사제2동(1174058000)
9,16522.0,19436.0,19371.0,19221.0,19065.0,19188.0,19034.0,19218.0,19257.0,18993.0,서울특별시 강동구 암사제3동(1174059000)
10,32723.0,31937.0,32109.0,31448.0,31321.0,30831.0,30137.0,29254.0,29235.0,29457.0,서울특별시 강동구 천호제1동(1174060000)
11,38147.0,38050.0,38726.0,37908.0,37748.0,37261.0,36400.0,36226.0,35374.0,35923.0,서울특별시 강동구 천호제2동(1174061000)
12,29466.0,28127.0,27465.0,26836.0,26513.0,25975.0,25526.0,25453.0,25316.0,27669.0,서울특별시 강동구 천호제3동(1174062000)
13,21472.0,21356.0,21432.0,20127.0,19844.0,19583.0,19551.0,19515.0,20865.0,21095.0,서울특별시 강동구 성내제1동(1174064000)
14,27527.0,27039.0,27168.0,26640.0,26581.0,26273.0,25779.0,25386.0,25213.0,25247.0,서울특별시 강동구 성내제2동(1174065000)
15,25344.0,25224.0,25543.0,25427.0,25402.0,25295.0,25062.0,24927.0,24367.0,24311.0,서울특별시 강동구 성내제3동(1174066000)
16,52422.0,51446.0,52199.0,51249.0,50980.0,51109.0,51143.0,51354.0,51098.0,50075.0,서울특별시 강동구 길동(1174068500)
17,21313.0,20810.0,20613.0,20312.0,20177.0,19843.0,19475.0,19210.0,18663.0,1959.0,서울특별시 강동구 둔촌제1동(1174069000)
18,27790.0,27747.0,30077.0,29684.0,29538.0,29468.0,29225.0,28855.0,28612.0,28774.0,서울특별시 강동구 둔촌제2동(1174070000)
1,20210.0,19934.0,20355.0,20156.0,19923.0,19561.0,19162.0,19098.0,18752.0,18327.0,서울특별시 용산구 후암동(1117051000)
2,13233.0,13133.0,13355.0,13142.0,12783.0,12477.0,12072.0,11802.0,11371.0,10981.0,서울특별시 용산구 용산2가동(1117052000)
3,7456.0,7474.0,7947.0,7852.0,7801.0,7987.0,8093.0,8115.0,8064.0,7974.0,서울특별시 용산구 남영동(1117053000)
4,23476.0,23798.0,24011.0,23634.0,23031.0,22494.0,22018.0,21493.0,21039.0,20415.0,서울특별시 용산구 청파동(1117055500)
5,10209.0,10188.0,10979.0,12523.0,12569.0,12709.0,13113.0,13784.0,14129.0,14630.0,서울특별시 용산구 원효로제1동(1117056000)
6,16266.0,16063.0,16222.0,15815.0,15737.0,15646.0,15504.0,15542.0,15355.0,15077.0,서울특별시 용산구 원효로제2동(1117057000)
7,10680.0,10666.0,11386.0,11373.0,11297.0,11244.0,11110.0,9652.0,9426.0,9467.0,서울특별시 용산구 효창동(1117058000)
8,12656.0,12846.0,13433.0,13311.0,12982.0,12894.0,12842.0,12867.0,12710.0,12635.0,서울특별시 용산구 용문동(1117059000)
9,14550.0,15536.0,16021.0,15518.0,15436.0,15087.0,15034.0,14877.0,14899.0,16533.0,서울특별시 용산구 한강로동(1117062500)
10,27035.0,27209.0,27385.0,27107.0,26984.0,26919.0,26652.0,27711.0,27880.0,27769.0,서울특별시 용산구 이촌제1동(1117063000)
11,10555.0,10442.0,10609.0,10482.0,10316.0,9986.0,9706.0,9570.0,9290.0,9136.0,서울특별시 용산구 이촌제2동(1117064000)
12,8407.0,8184.0,8739.0,8556.0,8417.0,8175.0,7827.0,7473.0,7326.0,7147.0,서울특별시 용산구 이태원제1동(1117065000)
13,11267.0,11080.0,11441.0,11213.0,11014.0,10891.0,10392.0,9876.0,9596.0,9468.0,서울특별시 용산구 이태원제2동(1117066000)
14,22212.0,22398.0,23030.0,23808.0,23389.0,22739.0,22036.0,21621.0,20771.0,20642.0,서울특별시 용산구 한남동(1117068500)
15,11389.0,11349.0,11479.0,14186.0,14080.0,13834.0,13699.0,13668.0,13827.0,13595.0,서울특별시 용산구 서빙고동(1117069000)
16,18623.0,18408.0,18461.0,17825.0,17473.0,17097.0,16691.0,16193.0,15806.0,15365.0,서울특별시 용산구 보광동(1117070000)
1,18993.0,19152.0,18943.0,17386.0,17153.0,16838.0,16452.0,16155.0,16575.0,17787.0,서울특별시 성동구 왕십리제2동(1120052000)
2,14959.0,12998.0,13045.0,12802.0,12848.0,12673.0,15697.0,20419.0,22461.0,27100.0,서울특별시 성동구 왕십리도선동(1120053500)
3,26084.0,25921.0,25826.0,25495.0,25235.0,24903.0,24509.0,24349.0,23816.0,23461.0,서울특별시 성동구 마장동(1120054000)
4,10835.0,10699.0,10746.0,10709.0,10535.0,10481.0,11206.0,11478.0,11187.0,11194.0,서울특별시 성동구 사근동(1120055000)
5,18229.0,18084.0,17998.0,17750.0,17667.0,17383.0,15103.0,14687.0,14255.0,13973.0,서울특별시 성동구 행당제1동(1120056000)
6,25334.0,24817.0,25996.0,27015.0,26943.0,26674.0,26307.0,26012.0,25647.0,25327.0,서울특별시 성동구 행당제2동(1120057000)
7,17693.0,17662.0,17607.0,17581.0,17520.0,17306.0,17103.0,16956.0,16854.0,16636.0,서울특별시 성동구 응봉동(1120058000)
8,17526.0,16279.0,16077.0,16114.0,15973.0,14717.0,14014.0,13699.0,13340.0,13108.0,서울특별시 성동구 금호1가동(1120059000)
9,23519.0,22533.0,22705.0,20002.0,23026.0,23303.0,22847.0,22770.0,24836.0,24522.0,서울특별시 성동구 금호2.3가동(1120061500)
10,15568.0,15326.0,15330.0,14969.0,14844.0,15058.0,14825.0,14597.0,14414.0,14311.0,서울특별시 성동구 금호4가동(1120062000)
11,26138.0,24423.0,24358.0,21755.0,19819.0,23459.0,23261.0,23041.0,24594.0,27187.0,서울특별시 성동구 옥수동(1120064500)
12,18690.0,18348.0,18398.0,18301.0,18108.0,17774.0,17356.0,17168.0,16890.0,17349.0,서울특별시 성동구 성수1가제1동(1120065000)
13,19400.0,18989.0,19026.0,18712.0,18523.0,18155.0,17687.0,17045.0,16563.0,15991.0,서울특별시 성동구 성수1가제2동(1120066000)
14,19995.0,21186.0,21346.0,20998.0,20588.0,20135.0,19699.0,19233.0,18633.0,18089.0,서울특별시 성동구 성수2가제1동(1120067000)
15,12033.0,12040.0,12133.0,11931.0,12054.0,11994.0,11982.0,11797.0,11720.0,11664.0,서울특별시 성동구 성수2가제3동(1120069000)
16,11978.0,12495.0,12520.0,12308.0,12150.0,12046.0,11802.0,11559.0,11537.0,11487.0,서울특별시 성동구 송정동(1120072000)
17,17238.0,17106.0,17039.0,16883.0,16618.0,16438.0,16236.0,16038.0,15937.0,15622.0,서울특별시 성동구 용답동(1120079000)
1,18591.0,24517.0,24083.0,23634.0,22809.0,22603.0,22366.0,22399.0,23843.0,23742.0,서울특별시 노원구 월계1동(1135056000)
2,27951.0,31741.0,31643.0,31095.0,30496.0,29988.0,29394.0,28540.0,26780.0,27167.0,서울특별시 노원구 월계2동(1135057000)
3,27657.0,37259.0,36741.0,36430.0,35858.0,35397.0,34815.0,34351.0,33752.0,33152.0,서울특별시 노원구 월계3동(1135058000)
4,20458.0,,,,,,,,,,서울특별시 노원구 월계4동(1135058100)
5,0.0,,,40384.0,40074.0,40118.0,39930.0,39304.0,39714.0,39442.0,서울특별시 노원구 공릉1동(1135059500)
6,46779.0,46730.0,46309.0,46176.0,46626.0,46121.0,45474.0,44792.0,44041.0,41489.0,서울특별시 노원구 공릉2동(1135060000)
7,41267.0,41082.0,41036.0,,,,,,,,서울특별시 노원구 공릉1.3동(1135060500)
8,31625.0,31407.0,31281.0,31009.0,30732.0,30402.0,29863.0,29488.0,29727.0,29362.0,서울특별시 노원구 하계1동(1135061100)
9,26850.0,26527.0,26402.0,26143.0,25877.0,25481.0,25267.0,25030.0,24719.0,24338.0,서울특별시 노원구 하계2동(1135061200)
10,30891.0,30825.0,30739.0,30330.0,29837.0,29514.0,29046.0,28466.0,27943.0,27359.0,서울특별시 노원구 중계본동(1135061900)
11,31794.0,31392.0,31159.0,30730.0,30404.0,30484.0,30034.0,29687.0,29276.0,28748.0,서울특별시 노원구 중계1동(1135062100)
12,18844.0,,,,,,,,,,서울특별시 노원구 중계2동(1135062200)
13,24966.0,,,,,,,,,,서울특별시 노원구 중계3동(1135062300)
14,23903.0,23476.0,23340.0,22790.0,22514.0,22251.0,22760.0,22618.0,22256.0,22011.0,서울특별시 노원구 중계4동(1135062400)
15,0.0,43269.0,42979.0,42608.0,42283.0,41833.0,40950.0,40200.0,39354.0,38607.0,서울특별시 노원구 중계2.3동(1135062500)
16,40988.0,41644.0,44595.0,44378.0,44089.0,43792.0,43163.0,42756.0,42221.0,41516.0,서울특별시 노원구 상계1동(1135063000)
17,22762.0,22519.0,23124.0,22944.0,22469.0,22437.0,22344.0,22118.0,22022.0,21769.0,서울특별시 노원구 상계2동(1135064000)
18,42208.0,41604.0,41017.0,39956.0,39034.0,38140.0,37064.0,31783.0,29999.0,27594.0,서울특별시 노원구 상계3.4동(1135066500)
19,25002.0,24697.0,24768.0,24497.0,24270.0,23972.0,23645.0,27947.0,27605.0,26909.0,서울특별시 노원구 상계5동(1135067000)
20,38351.0,37916.0,37873.0,37384.0,37026.0,36584.0,36219.0,35708.0,36430.0,35941.0,서울특별시 노원구 상계6.7동(1135069500)
21,27527.0,27206.0,27667.0,27430.0,27372.0,26607.0,26168.0,25989.0,25586.0,25094.0,서울특별시 노원구 상계8동(1135070000)
22,26010.0,25537.0,25403.0,25139.0,24750.0,24484.0,24081.0,23773.0,23222.0,22776.0,서울특별시 노원구 상계9동(1135071000)
23,21557.0,21268.0,21071.0,20873.0,20669.0,20271.0,19969.0,19634.0,19091.0,17387.0,서울특별시 노원구 상계10동(1135072000)
1,21333.0,21003.0,21499.0,21109.0,21127.0,21559.0,21423.0,21441.0,21442.0,21591.0,서울특별시 광진구 화양동(1121571000)
2,21766.0,21761.0,21836.0,21388.0,21347.0,21229.0,21048.0,20670.0,20384.0,20193.0,서울특별시 광진구 군자동(1121573000)
3,16991.0,17007.0,17082.0,16769.0,16698.0,16532.0,16160.0,16012.0,15825.0,15883.0,서울특별시 광진구 중곡제1동(1121574000)
4,22880.0,23109.0,23034.0,22997.0,23029.0,22920.0,22350.0,22301.0,22558.0,22464.0,서울특별시 광진구 중곡제2동(1121575000)
5,20059.0,19878.0,19762.0,19211.0,18918.0,18631.0,18235.0,17862.0,17714.0,17749.0,서울특별시 광진구 중곡제3동(1121576000)
6,32365.0,31915.0,32217.0,32003.0,32113.0,31764.0,31607.0,31787.0,31513.0,31301.0,서울특별시 광진구 중곡제4동(1121577000)
7,10774.0,10768.0,10941.0,11062.0,11069.0,11102.0,11159.0,11400.0,11348.0,11533.0,서울특별시 광진구 능동(1121578000)
8,36127.0,35654.0,35522.0,35406.0,36884.0,37309.0,36985.0,36721.0,36434.0,36404.0,서울특별시 광진구 광장동(1121581000)
9,24804.0,24640.0,24710.0,24583.0,24123.0,23777.0,23015.0,22792.0,22704.0,23285.0,서울특별시 광진구 자양제1동(1121582000)
10,29237.0,29403.0,29440.0,29216.0,28817.0,28312.0,28163.0,27531.0,27195.0,27379.0,서울특별시 광진구 자양제2동(1121583000)
11,31680.0,31986.0,32298.0,32046.0,31914.0,31595.0,31046.0,30841.0,30186.0,30201.0,서울특별시 광진구 자양제3동(1121584000)
12,27657.0,27059.0,26781.0,26169.0,25409.0,24760.0,23862.0,23047.0,22251.0,21320.0,서울특별시 광진구 자양제4동(1121584700)
13,23265.0,23041.0,23094.0,22888.0,22703.0,22454.0,22475.0,22699.0,22617.0,22669.0,서울특별시 광진구 구의제1동(1121585000)
14,26560.0,26579.0,26834.0,26931.0,27394.0,27459.0,26156.0,25549.0,25586.0,25556.0,서울특별시 광진구 구의제2동(1121586000)
15,29984.0,30195.0,30413.0,30158.0,29768.0,29524.0,29670.0,29716.0,29458.0,30175.0,서울특별시 광진구 구의제3동(1121587000)
1,8915.0,,,,,,,,,,서울특별시 동대문구 신설동(1123051000)
2,19351.0,,,,,,,,,,서울특별시 동대문구 용두동(1123053500)
3,0.0,29942.0,33017.0,32463.0,32189.0,31482.0,31197.0,31675.0,31834.0,31391.0,서울특별시 동대문구 용신동(1123053600)
4,12998.0,,,,,,,,,,서울특별시 동대문구 제기제1동(1123054000)
5,0.0,28758.0,28308.0,28064.0,27883.0,27421.0,27189.0,26861.0,25958.0,25395.0,서울특별시 동대문구 제기동(1123054500)
6,16143.0,,,,,,,,,,서울특별시 동대문구 제기제2동(1123055000)
7,11109.0,28195.0,28091.0,27299.0,26762.0,32514.0,31510.0,30709.0,30120.0,29381.0,서울특별시 동대문구 전농제1동(1123056000)
8,19187.0,19181.0,20163.0,21500.0,21465.0,21288.0,21056.0,20877.0,20569.0,20119.0,서울특별시 동대문구 전농제2동(1123057000)
9,19448.0,,,,,,,,,,서울특별시 동대문구 전농제3동(1123058000)
10,11074.0,19061.0,20766.0,20534.0,20146.0,19861.0,25536.0,26091.0,24373.0,24759.0,서울특별시 동대문구 답십리제1동(1123060000)
11,15657.0,32771.0,32645.0,32403.0,31910.0,31272.0,29733.0,29199.0,30013.0,29448.0,서울특별시 동대문구 답십리제2동(1123061000)
12,15466.0,,,,,,,,,,서울특별시 동대문구 답십리제3동(1123062000)
13,15542.0,,,,,,,,,,서울특별시 동대문구 답십리제4동(1123063000)
14,18268.0,36501.0,36764.0,37188.0,37317.0,37284.0,36880.0,37342.0,38154.0,38960.0,서울특별시 동대문구 장안제1동(1123065000)
15,17845.0,32871.0,32963.0,32901.0,32791.0,32417.0,32433.0,32034.0,31184.0,31182.0,서울특별시 동대문구 장안제2동(1123066000)
16,18040.0,,,,,,,,,,서울특별시 동대문구 장안제3동(1123067000)
17,14959.0,,,,,,,,,,서울특별시 동대문구 장안제4동(1123068000)
18,25292.0,25127.0,25122.0,24628.0,24489.0,23940.0,23609.0,23187.0,22706.0,22317.0,서울특별시 동대문구 청량리동(1123070500)
19,11047.0,10933.0,10853.0,11224.0,11155.0,11249.0,11064.0,10792.0,10580.0,10271.0,서울특별시 동대문구 회기동(1123071000)
20,17494.0,17437.0,17226.0,17033.0,16601.0,16324.0,16041.0,14363.0,13647.0,13106.0,서울특별시 동대문구 휘경제1동(1123072000)
21,24745.0,24129.0,24215.0,25010.0,26014.0,25741.0,25341.0,25127.0,25030.0,24751.0,서울특별시 동대문구 휘경제2동(1123073000)
22,14269.0,33210.0,32928.0,31925.0,31324.0,30672.0,29684.0,29467.0,28728.0,27666.0,서울특별시 동대문구 이문제1동(1123074000)
23,19191.0,24030.0,23725.0,23314.0,23212.0,22808.0,22414.0,22429.0,22173.0,21901.0,서울특별시 동대문구 이문제2동(1123075000)
24,24210.0,,,,,,,,,,서울특별시 동대문구 이문제3동(1123076000)
1,28758.0,29033.0,28964.0,28410.0,27943.0,27844.0,27571.0,27194.0,27057.0,26702.0,서울특별시 중랑구 면목제2동(1126052000)
2,23882.0,23663.0,23574.0,23265.0,22424.0,22009.0,21461.0,22086.0,21670.0,20823.0,서울특별시 중랑구 면목제4동(1126054000)
3,14904.0,14762.0,14615.0,14375.0,14247.0,13757.0,13467.0,11473.0,10693.0,10368.0,서울특별시 중랑구 면목제5동(1126055000)
4,37581.0,37361.0,37055.0,36808.0,36435.0,36475.0,35861.0,35809.0,36096.0,36031.0,서울특별시 중랑구 면목본동(1126056500)
5,26802.0,26588.0,26536.0,26138.0,25685.0,25137.0,24585.0,23702.0,23088.0,22439.0,서울특별시 중랑구 면목제7동(1126057000)
6,30697.0,30308.0,30326.0,29767.0,29304.0,28795.0,28340.0,28245.0,27730.0,27271.0,서울특별시 중랑구 면목제3.8동(1126057500)
7,26424.0,26173.0,26117.0,25945.0,25590.0,25935.0,26546.0,26137.0,25995.0,25811.0,서울특별시 중랑구 상봉제1동(1126058000)
8,18980.0,18989.0,18817.0,18652.0,18508.0,18329.0,18099.0,18271.0,18716.0,18331.0,서울특별시 중랑구 상봉제2동(1126059000)
9,22137.0,21913.0,21982.0,21652.0,21482.0,21329.0,21099.0,21118.0,21127.0,21028.0,서울특별시 중랑구 중화제1동(1126060000)
10,32459.0,32014.0,31737.0,31261.0,30498.0,29903.0,29072.0,28441.0,27962.0,28135.0,서울특별시 중랑구 중화제2동(1126061000)
11,34723.0,34602.0,34802.0,35809.0,36026.0,36159.0,35041.0,34711.0,34371.0,36120.0,서울특별시 중랑구 묵제1동(1126062000)
12,20379.0,20512.0,20408.0,20157.0,20138.0,19879.0,19390.0,19430.0,20057.0,20230.0,서울특별시 중랑구 묵제2동(1126063000)
13,34594.0,34546.0,34510.0,34146.0,34637.0,34262.0,33529.0,33221.0,32636.0,32066.0,서울특별시 중랑구 망우본동(1126065500)
14,20337.0,19986.0,19807.0,19566.0,19245.0,19048.0,18639.0,18227.0,18483.0,18499.0,서울특별시 중랑구 망우제3동(1126066000)
15,28853.0,28115.0,32503.0,32290.0,32035.0,33152.0,42028.0,42006.0,41884.0,41422.0,서울특별시 중랑구 신내1동(1126068000)
16,26361.0,26196.0,25702.0,25465.0,25098.0,24785.0,24108.0,23838.0,23440.0,22950.0,서울특별시 중랑구 신내2동(1126069000)
1,33095.0,33077.0,32903.0,32140.0,31726.0,31007.0,30087.0,29858.0,29521.0,28860.0,서울특별시 강북구 삼양동(1130553400)
2,24863.0,24458.0,24117.0,24058.0,23719.0,23437.0,23462.0,23192.0,23066.0,22915.0,서울특별시 강북구 미아동(1130553500)
3,36455.0,35818.0,35664.0,35199.0,33722.0,32606.0,31927.0,30561.0,28815.0,29777.0,서울특별시 강북구 송중동(1130554500)
4,33033.0,32629.0,32904.0,32535.0,32018.0,31186.0,30538.0,30018.0,30092.0,29494.0,서울특별시 강북구 송천동(1130555500)
5,24571.0,24101.0,30589.0,32364.0,34484.0,34954.0,34914.0,34661.0,34324.0,33705.0,서울특별시 강북구 삼각산동(1130557500)
6,19995.0,20699.0,20826.0,20760.0,20835.0,20672.0,20310.0,20195.0,19984.0,19584.0,서울특별시 강북구 번제1동(1130559000)
7,21073.0,20648.0,20647.0,20116.0,19783.0,19355.0,18796.0,18596.0,18261.0,17791.0,서울특별시 강북구 번제2동(1130560000)
8,22279.0,21814.0,21717.0,21454.0,21245.0,20950.0,20578.0,20175.0,19805.0,19237.0,서울특별시 강북구 번제3동(1130560600)
9,23328.0,23370.0,23520.0,23501.0,23197.0,22958.0,22741.0,22596.0,22555.0,22212.0,서울특별시 강북구 수유제1동(1130561000)
10,23523.0,23868.0,23798.0,23574.0,23218.0,22839.0,22819.0,22497.0,22240.0,22377.0,서울특별시 강북구 수유제2동(1130562000)
11,24216.0,24179.0,24101.0,23940.0,23869.0,23982.0,23672.0,23642.0,23801.0,23865.0,서울특별시 강북구 수유제3동(1130563000)
12,21718.0,21810.0,21885.0,21678.0,21617.0,21325.0,21573.0,21779.0,21873.0,21777.0,서울특별시 강북구 우이동(1130564500)
13,34125.0,33896.0,33849.0,33735.0,33724.0,33436.0,33608.0,33103.0,32858.0,32885.0,서울특별시 강북구 인수동(1130566000)
1,16414.0,15769.0,15688.0,15260.0,15089.0,14570.0,14308.0,14105.0,13769.0,13272.0,서울특별시 종로구 청운효자동(1111051500)
2,9943.0,10029.0,10203.0,10150.0,10033.0,9875.0,9774.0,9700.0,9695.0,9441.0,서울특별시 종로구 사직동(1111053000)
3,3671.0,3548.0,3517.0,3415.0,3322.0,3218.0,3058.0,2960.0,2903.0,2907.0,서울특별시 종로구 삼청동(1111054000)
4,11588.0,11330.0,11406.0,11369.0,11236.0,11109.0,10933.0,10780.0,10616.0,10317.0,서울특별시 종로구 부암동(1111055000)
5,19353.0,19384.0,19566.0,19677.0,19543.0,19544.0,19393.0,19212.0,19290.0,18995.0,서울특별시 종로구 평창동(1111056000)
6,8607.0,8615.0,8663.0,8562.0,8548.0,8581.0,8376.0,8541.0,8453.0,8320.0,서울특별시 종로구 무악동(1111057000)
7,9163.0,8936.0,9140.0,9048.0,8185.0,5347.0,4921.0,4797.0,4679.0,10225.0,서울특별시 종로구 교남동(1111058000)
8,5850.0,5749.0,5709.0,5555.0,5397.0,5219.0,5070.0,4837.0,4635.0,4531.0,서울특별시 종로구 가회동(1111060000)
9,7242.0,7306.0,8010.0,7923.0,7953.0,7856.0,7894.0,7876.0,7741.0,7590.0,서울특별시 종로구 종로1.2.3.4가동(1111061500)
10,6481.0,6287.0,6302.0,6156.0,6120.0,5926.0,5744.0,5719.0,5496.0,5357.0,서울특별시 종로구 종로5.6가동(1111063000)
11,9585.0,9296.0,9358.0,9252.0,9029.0,8995.0,8814.0,8690.0,8436.0,8249.0,서울특별시 종로구 이화동(1111064000)
12,12343.0,12136.0,12112.0,12172.0,18173.0,17889.0,17761.0,17798.0,17735.0,17306.0,서울특별시 종로구 혜화동(1111065000)
13,6741.0,6467.0,6336.0,6246.0,,,,,,,서울특별시 종로구 명륜3가동(1111066000)
14,7060.0,6915.0,7113.0,6854.0,6617.0,6334.0,6209.0,5983.0,5744.0,5520.0,서울특별시 종로구 창신제1동(1111067000)
15,11926.0,11651.0,11811.0,11486.0,11068.0,10679.0,10201.0,9831.0,9545.0,9181.0,서울특별시 종로구 창신제2동(1111068000)
16,8654.0,8601.0,8700.0,8549.0,8395.0,8189.0,7939.0,7767.0,7560.0,7350.0,서울특별시 종로구 창신제3동(1111069000)
17,7352.0,7482.0,7594.0,7450.0,7299.0,7202.0,6973.0,6862.0,6761.0,6566.0,서울특별시 종로구 숭인제1동(1111070000)
18,8732.0,9102.0,9350.0,9258.0,9200.0,9537.0,9625.0,9528.0,9679.0,9643.0,서울특별시 종로구 숭인제2동(1111071000)
1,36380.0,36132.0,36033.0,33630.0,32958.0,32482.0,30728.0,31904.0,32631.0,32645.0,서울특별시 은평구 녹번동(1138051000)
2,35841.0,35446.0,38592.0,41694.0,41805.0,42847.0,42904.0,42386.0,42482.0,42038.0,서울특별시 은평구 불광제1동(1138052000)
3,32374.0,31822.0,31161.0,30699.0,30309.0,29667.0,29135.0,29034.0,29571.0,29902.0,서울특별시 은평구 불광제2동(1138053000)
4,27135.0,26691.0,26713.0,26606.0,26232.0,26070.0,25766.0,25641.0,25730.0,25271.0,서울특별시 은평구 갈현제1동(1138055100)
5,27681.0,27795.0,28002.0,28215.0,28629.0,29083.0,29634.0,29962.0,30550.0,30523.0,서울특별시 은평구 갈현제2동(1138055200)
6,32908.0,33345.0,33788.0,33947.0,34044.0,33583.0,33423.0,34087.0,34072.0,33589.0,서울특별시 은평구 구산동(1138056000)
7,31570.0,31242.0,31468.0,31449.0,31686.0,32090.0,32500.0,32869.0,33053.0,32944.0,서울특별시 은평구 대조동(1138057000)
8,33300.0,33379.0,32538.0,32168.0,31904.0,32382.0,32212.0,32435.0,27475.0,26130.0,서울특별시 은평구 응암제1동(1138058000)
9,21367.0,20434.0,20043.0,19765.0,26184.0,26581.0,25144.0,23054.0,19772.0,21515.0,서울특별시 은평구 응암제2동(1138059000)
10,28038.0,27665.0,27813.0,27635.0,27610.0,27506.0,27323.0,26947.0,26841.0,26321.0,서울특별시 은평구 응암제3동(1138060000)
11,46107.0,46297.0,46841.0,48500.0,48780.0,49364.0,48998.0,49494.0,50209.0,50048.0,서울특별시 은평구 역촌동(1138062500)
12,27309.0,27405.0,27572.0,27931.0,28052.0,28254.0,28096.0,28290.0,28195.0,27936.0,서울특별시 은평구 신사제1동(1138063100)
13,24557.0,23961.0,23784.0,23546.0,23102.0,22554.0,22159.0,22071.0,22122.0,22070.0,서울특별시 은평구 신사제2동(1138063200)
14,22142.0,22188.0,21957.0,21434.0,21109.0,20625.0,20238.0,19773.0,19283.0,16808.0,서울특별시 은평구 증산동(1138064000)
15,20909.0,21073.0,20703.0,20155.0,19552.0,19077.0,18585.0,16562.0,15877.0,13706.0,서울특별시 은평구 수색동(1138065000)
16,10783.0,21020.0,41101.0,46260.0,49524.0,51495.0,51799.0,53411.0,53613.0,55348.0,서울특별시 은평구 진관동(1138069000)
1,18910.0,19892.0,20602.0,20314.0,20223.0,20187.0,20032.0,19870.0,19682.0,19144.0,서울특별시 서대문구 천연동(1141052000)
2,20041.0,19832.0,15501.0,11450.0,10920.0,10569.0,10253.0,10888.0,12702.0,17316.0,서울특별시 서대문구 북아현동(1141055500)
3,24139.0,24046.0,24060.0,21420.0,20136.0,19685.0,19136.0,18839.0,18711.0,18319.0,서울특별시 서대문구 충현동(1141056500)
4,18744.0,18111.0,18407.0,18257.0,18283.0,18356.0,18329.0,18545.0,18409.0,18120.0,서울특별시 서대문구 신촌동(1141058500)
5,41984.0,41554.0,41819.0,41572.0,40861.0,40224.0,39658.0,38940.0,38333.0,37832.0,서울특별시 서대문구 연희동(1141061500)
6,28598.0,28187.0,28346.0,27908.0,27408.0,26586.0,26189.0,24072.0,24658.0,24110.0,서울특별시 서대문구 홍제제1동(1141062000)
7,20821.0,20585.0,20743.0,20598.0,20129.0,19880.0,19678.0,19391.0,19204.0,17024.0,서울특별시 서대문구 홍제제3동(1141064000)
8,16254.0,16096.0,16282.0,16137.0,15772.0,15604.0,15365.0,15292.0,15113.0,14893.0,서울특별시 서대문구 홍제제2동(1141065500)
9,28850.0,28395.0,27080.0,26585.0,26413.0,25946.0,25275.0,24511.0,23530.0,23008.0,서울특별시 서대문구 홍은제1동(1141066000)
10,29413.0,29446.0,29912.0,30066.0,29602.0,29711.0,29911.0,29828.0,30078.0,29492.0,서울특별시 서대문구 홍은제2동(1141068500)
11,6907.0,4324.0,4428.0,4236.0,3895.0,3774.0,3631.0,11023.0,16538.0,16807.0,서울특별시 서대문구 남가좌제1동(1141069000)
12,31172.0,31439.0,31549.0,31082.0,30459.0,29932.0,29122.0,26958.0,23035.0,22691.0,서울특별시 서대문구 남가좌제2동(1141070000)
13,11475.0,10637.0,10617.0,10392.0,16927.0,19709.0,19814.0,19644.0,19688.0,19627.0,서울특별시 서대문구 북가좌제1동(1141071000)
14,34380.0,34907.0,35195.0,34835.0,34085.0,33947.0,33983.0,34340.0,34513.0,34417.0,서울특별시 서대문구 북가좌제2동(1141072000)
1,17994.0,17243.0,17479.0,19065.0,18941.0,18599.0,25168.0,28226.0,25699.0,25044.0,서울특별시 마포구 아현동(1144055500)
2,37308.0,36302.0,36310.0,36642.0,36530.0,36849.0,36026.0,38621.0,38934.0,39925.0,서울특별시 마포구 공덕동(1144056500)
3,23283.0,23367.0,23672.0,23503.0,23334.0,23405.0,23210.0,23117.0,23083.0,22783.0,서울특별시 마포구 도화동(1144058500)
4,22127.0,21452.0,21129.0,19462.0,19024.0,18917.0,19839.0,21629.0,21944.0,21937.0,서울특별시 마포구 용강동(1144059000)
5,16335.0,16034.0,14930.0,14536.0,14278.0,14094.0,15412.0,13556.0,12432.0,12019.0,서울특별시 마포구 대흥동(1144060000)
6,18771.0,18453.0,18411.0,18063.0,17453.0,15929.0,14765.0,14954.0,11151.0,10510.0,서울특별시 마포구 염리동(1144061000)
7,22436.0,23169.0,23342.0,23177.0,21762.0,21718.0,21248.0,19924.0,21700.0,21399.0,서울특별시 마포구 신수동(1144063000)
8,26436.0,26366.0,27358.0,25480.0,25113.0,24714.0,25727.0,26063.0,25686.0,25400.0,서울특별시 마포구 서강동(1144065500)
9,29889.0,29291.0,28905.0,28171.0,28463.0,28924.0,28045.0,26780.0,26132.0,25067.0,서울특별시 마포구 서교동(1144066000)
10,21425.0,21160.0,21203.0,20840.0,20357.0,20074.0,19343.0,19575.0,19895.0,19502.0,서울특별시 마포구 합정동(1144068000)
11,24611.0,24541.0,24721.0,24451.0,24171.0,23848.0,23030.0,22282.0,21874.0,21415.0,서울특별시 마포구 망원제1동(1144069000)
12,21494.0,21931.0,21746.0,21567.0,21173.0,20884.0,20859.0,20578.0,20257.0,19792.0,서울특별시 마포구 망원제2동(1144070000)
13,19763.0,19647.0,19622.0,19311.0,19095.0,19092.0,18636.0,18047.0,17488.0,16742.0,서울특별시 마포구 연남동(1144071000)
14,20301.0,20520.0,20712.0,20882.0,21060.0,21101.0,20889.0,20869.0,20415.0,20205.0,서울특별시 마포구 성산제1동(1144072000)
15,41379.0,41792.0,41667.0,41287.0,40789.0,40623.0,40275.0,40062.0,39984.0,40359.0,서울특별시 마포구 성산제2동(1144073000)
16,21567.0,22745.0,30658.0,33056.0,33101.0,33085.0,32967.0,33360.0,33218.0,32816.0,서울특별시 마포구 상암동(1144074000)
1,31676.0,33508.0,33598.0,33214.0,33051.0,32901.0,32636.0,33215.0,32796.0,32552.0,서울특별시 양천구 목1동(1147051000)
2,32053.0,31810.0,32039.0,31627.0,31733.0,31587.0,30916.0,31458.0,31714.0,31749.0,서울특별시 양천구 목2동(1147052000)
3,23599.0,23555.0,23438.0,23239.0,23078.0,23007.0,22697.0,21858.0,21814.0,22032.0,서울특별시 양천구 목3동(1147053000)
4,29394.0,29148.0,29143.0,28775.0,28592.0,28551.0,28135.0,27872.0,27763.0,27390.0,서울특별시 양천구 목4동(1147054000)
5,47545.0,46960.0,46549.0,46046.0,45654.0,45464.0,44670.0,44469.0,43922.0,43698.0,서울특별시 양천구 목5동(1147055000)
6,24878.0,24758.0,24829.0,24812.0,24568.0,24290.0,23982.0,23476.0,22989.0,22591.0,서울특별시 양천구 신월1동(1147056000)
7,23572.0,23211.0,21008.0,20523.0,20966.0,21116.0,22802.0,23208.0,23330.0,23089.0,서울특별시 양천구 신월2동(1147057000)
8,18275.0,18684.0,18802.0,18487.0,17766.0,17613.0,17262.0,18200.0,18022.0,17414.0,서울특별시 양천구 신월3동(1147058000)
9,18466.0,18422.0,19255.0,19269.0,19195.0,19502.0,19565.0,19822.0,19908.0,19566.0,서울특별시 양천구 신월4동(1147059000)
10,15454.0,16048.0,16318.0,16105.0,16246.0,16410.0,16269.0,16346.0,16231.0,15916.0,서울특별시 양천구 신월5동(1147060000)
11,15424.0,15109.0,14454.0,13406.0,12965.0,12512.0,12175.0,11776.0,7899.0,7038.0,서울특별시 양천구 신월6동(1147061000)
12,26353.0,26227.0,26346.0,25479.0,25073.0,24635.0,23923.0,23767.0,23347.0,23002.0,서울특별시 양천구 신월7동(1147061100)
13,24828.0,24528.0,24324.0,21689.0,19919.0,19510.0,19124.0,18809.0,21667.0,21667.0,서울특별시 양천구 신정1동(1147062000)
14,23184.0,22927.0,22974.0,22693.0,22448.0,22333.0,21916.0,21817.0,21359.0,21132.0,서울특별시 양천구 신정2동(1147063000)
15,49766.0,48819.0,48679.0,57010.0,57475.0,56753.0,55516.0,54786.0,52297.0,50297.0,서울특별시 양천구 신정3동(1147064000)
16,36245.0,36712.0,36900.0,37084.0,37085.0,36745.0,35855.0,35508.0,35586.0,35731.0,서울특별시 양천구 신정4동(1147065000)
17,28030.0,27706.0,27501.0,27406.0,27068.0,26865.0,26518.0,26347.0,25891.0,25718.0,서울특별시 양천구 신정6동(1147067000)
18,33601.0,33263.0,33844.0,33346.0,33029.0,32734.0,32260.0,31798.0,31204.0,30572.0,서울특별시 양천구 신정7동(1147068000)
1,41853.0,41888.0,42751.0,42498.0,42535.0,42444.0,42116.0,41947.0,40967.0,40772.0,서울특별시 강서구 염창동(1150051000)
2,21211.0,21126.0,21380.0,21790.0,22229.0,22723.0,22680.0,22418.0,22806.0,23288.0,서울특별시 강서구 등촌제1동(1150052000)
3,22977.0,22674.0,22716.0,22478.0,22168.0,22090.0,21663.0,21599.0,21958.0,22140.0,서울특별시 강서구 등촌제2동(1150053000)
4,38856.0,38433.0,38064.0,37642.0,37342.0,36913.0,35899.0,35346.0,34723.0,34029.0,서울특별시 강서구 등촌제3동(1150053500)
5,50333.0,50614.0,51616.0,51029.0,51108.0,51761.0,51400.0,52121.0,53252.0,53666.0,서울특별시 강서구 화곡제1동(1150054000)
6,20671.0,20699.0,20890.0,20530.0,20472.0,20358.0,19998.0,19977.0,20157.0,20101.0,서울특별시 강서구 화곡제2동(1150055000)
7,24221.0,24281.0,24184.0,24195.0,24117.0,24107.0,23603.0,23395.0,22995.0,22721.0,서울특별시 강서구 화곡제3동(1150056000)
8,22847.0,23039.0,23061.0,23039.0,23136.0,23336.0,22861.0,23021.0,22935.0,22772.0,서울특별시 강서구 화곡제4동(1150057000)
9,35705.0,36265.0,36514.0,36574.0,36711.0,36926.0,36213.0,36170.0,36210.0,36191.0,서울특별시 강서구 화곡본동(1150059000)
10,24692.0,24913.0,25119.0,25043.0,25230.0,25806.0,25567.0,25550.0,25582.0,24897.0,서울특별시 강서구 화곡제6동(1150059100)
11,27373.0,27632.0,27658.0,27505.0,27449.0,27474.0,27167.0,26862.0,26745.0,26613.0,서울특별시 강서구 화곡제8동(1150059300)
12,21722.0,21230.0,20967.0,20628.0,20412.0,22051.0,23391.0,24787.0,27309.0,32305.0,서울특별시 강서구 가양제1동(1150060300)
13,19001.0,18653.0,18442.0,18152.0,17852.0,17461.0,16985.0,16668.0,16338.0,16154.0,서울특별시 강서구 가양제2동(1150060400)
14,19963.0,19634.0,19377.0,19074.0,18718.0,18440.0,17911.0,17575.0,17164.0,16659.0,서울특별시 강서구 가양제3동(1150060500)
15,31889.0,33506.0,33633.0,33207.0,33093.0,33201.0,39537.0,40215.0,39715.0,39220.0,서울특별시 강서구 발산제1동(1150061100)
16,45505.0,40470.0,40407.0,39960.0,39703.0,39595.0,44717.0,46855.0,46657.0,46532.0,서울특별시 강서구 우장산동(1150061500)
17,21593.0,21323.0,21614.0,21368.0,21283.0,21166.0,20345.0,20019.0,23624.0,27554.0,서울특별시 강서구 공항동(1150062000)
18,31321.0,31718.0,31391.0,30780.0,30682.0,30412.0,41863.0,43512.0,45950.0,46345.0,서울특별시 강서구 방화제1동(1150063000)
19,26644.0,26507.0,26370.0,25957.0,25850.0,25706.0,25054.0,24930.0,24780.0,24490.0,서울특별시 강서구 방화제2동(1150064000)
20,28471.0,28231.0,27973.0,27623.0,27341.0,27100.0,26190.0,26107.0,25618.0,25242.0,서울특별시 강서구 방화제3동(1150064100)
1,36676.0,36754.0,36987.0,37790.0,37954.0,37784.0,37444.0,37880.0,37850.0,37513.0,서울특별시 구로구 신도림동(1153051000)
2,23265.0,23204.0,23167.0,23142.0,23040.0,22757.0,22459.0,22415.0,22164.0,21893.0,서울특별시 구로구 구로제1동(1153052000)
3,34816.0,33984.0,34151.0,32993.0,32287.0,31517.0,30316.0,29017.0,27918.0,26959.0,서울특별시 구로구 구로제2동(1153053000)
4,26535.0,26985.0,27496.0,27478.0,27674.0,27659.0,27337.0,26820.0,26322.0,25756.0,서울특별시 구로구 구로제3동(1153054000)
5,27181.0,27315.0,27243.0,26563.0,26457.0,25868.0,25128.0,24155.0,23407.0,22522.0,서울특별시 구로구 구로제4동(1153055000)
6,31927.0,31774.0,31548.0,31536.0,31764.0,31932.0,31647.0,31247.0,31325.0,30828.0,서울특별시 구로구 구로제5동(1153056000)
7,0.0,,,,,,,,,,서울특별시 구로구 구로본동(1153056500)
8,15741.0,15364.0,15450.0,14481.0,13668.0,12874.0,12093.0,11309.0,10718.0,10121.0,서울특별시 구로구 가리봉동(1153059500)
9,26506.0,26146.0,26228.0,25687.0,25285.0,25288.0,25335.0,25314.0,25005.0,24530.0,서울특별시 구로구 고척제1동(1153072000)
10,28374.0,30942.0,31446.0,31299.0,31221.0,31040.0,30309.0,29956.0,29838.0,29611.0,서울특별시 구로구 고척제2동(1153073000)
11,37739.0,37063.0,36513.0,34309.0,33912.0,33368.0,35144.0,35050.0,34823.0,34107.0,서울특별시 구로구 개봉제1동(1153074000)
12,36257.0,35672.0,35488.0,34871.0,34873.0,34875.0,34562.0,34378.0,34262.0,33831.0,서울특별시 구로구 개봉제2동(1153075000)
13,22801.0,22518.0,22334.0,22013.0,22347.0,22239.0,21982.0,22115.0,21905.0,21864.0,서울특별시 구로구 개봉제3동(1153076000)
14,0.0,,,,,,,,,,서울특별시 구로구 개봉본동(1153076500)
15,21046.0,20943.0,21002.0,20835.0,21021.0,21048.0,21308.0,21385.0,21285.0,20928.0,서울특별시 구로구 오류제1동(1153077000)
16,29847.0,29422.0,29274.0,38644.0,40299.0,40896.0,45135.0,45509.0,45144.0,44789.0,서울특별시 구로구 오류제2동(1153078000)
17,22084.0,23881.0,25409.0,25827.0,25718.0,25819.0,25632.0,25542.0,25585.0,25490.0,서울특별시 구로구 수궁동(1153079000)
1,19004.0,19121.0,19730.0,19629.0,19523.0,19349.0,19439.0,19628.0,19520.0,19799.0,서울특별시 금천구 가산동(1154551000)
2,31618.0,32165.0,32061.0,31687.0,31838.0,31711.0,31641.0,31297.0,34290.0,37052.0,서울특별시 금천구 독산제1동(1154561000)
3,24167.0,23847.0,23824.0,23311.0,22806.0,22522.0,21961.0,21804.0,21287.0,20856.0,서울특별시 금천구 독산제2동(1154562000)
4,29570.0,29023.0,29418.0,28681.0,28279.0,27845.0,27205.0,26942.0,26251.0,25971.0,서울특별시 금천구 독산제3동(1154563000)
5,19987.0,19850.0,19839.0,19343.0,19234.0,18753.0,18262.0,17925.0,17255.0,17033.0,서울특별시 금천구 독산제4동(1154564000)
6,32107.0,31902.0,31876.0,34287.0,36106.0,36290.0,36291.0,36089.0,35924.0,35275.0,서울특별시 금천구 시흥제1동(1154567000)
7,25995.0,25776.0,25679.0,25304.0,25166.0,24930.0,24659.0,24328.0,24030.0,23636.0,서울특별시 금천구 시흥제2동(1154568000)
8,13152.0,12813.0,12834.0,12703.0,12702.0,12864.0,12651.0,12530.0,12099.0,11915.0,서울특별시 금천구 시흥제3동(1154569000)
9,25859.0,25132.0,24929.0,24294.0,23991.0,23620.0,23453.0,23212.0,22504.0,22403.0,서울특별시 금천구 시흥제4동(1154570000)
10,25861.0,25206.0,25005.0,24199.0,23643.0,23136.0,22901.0,22529.0,22226.0,21214.0,서울특별시 금천구 시흥제5동(1154571000)
